,holdout_pred
0,0
1,1
2,1
3,0
4,0
5,0
6,1
7,1
8,0
9,0
10,0
11,0
12,1
13,1
14,0
15,0
16,1
17,1
18,0
19,0
20,1
21,1
22,0
23,0
24,0
25,1
26,0
27,1
28,0
29,0
30,0
31,0
32,0
33,0
34,1
35,0
36,0
37,0
38,1
39,0
40,1
41,0
42,0
43,0
44,0
45,0
46,0
47,0
48,1
49,0
50,1
51,0
52,0
53,0
54,1
55,1
56,1
57,1
58,1
59,0
60,1
61,0
62,1
63,0
64,0
65,0
66,0
67,1
68,1
69,0
70,0
71,1
72,1
73,0
74,1
75,1
76,0
77,0
78,0
79,0
80,0
81,0
82,0
83,1
84,1
85,1
86,0
87,0
88,0
89,0
90,1
91,1
92,1
93,1
94,1
95,0
96,1
97,0
98,0
99,0
100,0
101,0
102,0
103,0
104,1
105,0
106,0
107,0
108,0
109,0
110,0
111,0
112,0
113,0
114,0
115,0
116,0
117,0
118,1
119,1
120,0
121,0
122,0
123,1
124,0
125,0
126,0
127,1
128,0
129,1
130,0
131,1
132,1
133,0
134,0
135,0
136,1
137,1
138,0
139,1
140,1
141,1
142,0
143,0
144,0
145,0
146,0
147,0
148,1
149,0
150,1
151,0
152,1
153,1
154,1
155,1
156,0
157,0
158,1
159,0
160,0
161,0
162,0
163,1
164,1
165,1
166,0
167,0
168,0
169,0
170,0
171,0
172,0
173,0
174,1
175,1
176,1
177,0
178,0
179,0
180,1
181,0
182,0
183,0
184,1
185,1
186,1
187,0
188,1
189,0
190,1
191,0
192,0
193,1
194,0
195,0
196,1
197,0
198,1
199,0
200,1
201,0
202,1
203,0
204,0
205,0
206,0
207,0
208,0
209,1
210,0
211,0
212,0
213,1
214,0
215,0
216,0
217,1
218,0
219,0
220,1
221,0
222,0
223,0
224,1
225,0
226,0
227,0
228,0
229,0
230,0
231,1
232,0
233,0
234,1
235,0
236,0
237,0
238,0
239,0
240,0
241,1
242,0
243,1
244,0
245,0
246,0
247,1
248,1
249,1
250,0
251,0
252,0
253,0
254,0
255,0
256,0
257,0
258,1
259,0
260,0
261,0
262,1
263,0
264,0
265,1
266,0
267,1
268,0
269,0
270,1
271,0
272,0
273,1
274,0
275,0
276,0
277,1
278,0
279,0
280,1
281,1
282,0
283,0
284,0
285,0
286,1
287,0
288,1
289,1
290,0
291,1
292,1
293,0
294,1
295,1
296,1
297,1
298,0
299,1
300,0
301,0
302,0
303,0
304,0
305,0
306,0
307,0
308,1
309,0
310,0
311,1
312,1
313,0
314,1
315,0
316,0
317,1
318,1
319,1
320,0
321,0
322,0
323,0
324,1
325,0
326,1
327,1
328,0
329,1
330,0
331,0
332,1
333,0
334,0
335,0
336,1
337,0
338,1
339,0
340,0
341,0
342,1
343,1
344,0
345,0
346,0
347,0
348,0
349,0
350,1
351,0
352,0
353,1
354,0
355,0
356,0
357,0
358,0
359,0
360,0
361,0
362,1
363,0
364,0
365,1
366,0
367,1
368,0
369,0
370,0
371,1
372,1
373,1
374,1
375,0
376,0
377,1
378,0
379,0
380,0
381,0
382,0
383,1
384,0
385,1
386,1
387,0
388,1
389,0
390,0
391,1
392,0
393,0
394,0
395,1
396,1
397,0
398,0
399,1
400,1
401,0
402,0
403,0
404,0
405,0
406,0
407,1
408,0
409,0
410,0
411,0
412,1
413,1
414,1
415,0
416,1
417,0
418,0
419,0
420,0
421,1
422,0
423,1
424,1
425,1
426,0
427,1
428,1
429,0
430,0
431,0
432,0
433,1
434,0
435,0
436,0
437,0
438,0
439,0
440,1
441,0
442,0
443,0
444,0
445,0
446,1
447,1
448,1
449,0
450,1
451,1
452,1
453,0
454,1
455,1
456,1
457,0
458,1
459,0
460,0
461,0
462,0
463,1
464,0
465,1
466,0
467,1
468,0
469,1
470,1
471,1
472,0
473,1
474,0
475,1
476,0
477,0
478,1
479,0
480,0
481,0
482,0
483,0
484,0
485,1
486,0
487,0
488,0
489,1
490,0
491,0
492,0
493,0
494,0
495,0
496,0
497,1
498,1
499,0
500,0
501,0
502,0
503,0
504,0
505,1
506,1
507,0
508,0
509,0
510,0
511,0
512,0
513,0
514,0
515,0
516,1
517,1
518,1
519,0
520,1
521,0
522,0
523,1
524,0
525,0
526,0
527,0
528,0
529,0
530,0
531,1
532,0
533,1
534,0
535,1
536,1
537,0
538,1
539,0
540,1
541,0
542,0
543,0
544,0
545,0
546,0
547,0
548,0
549,0
550,0
551,0
552,0
553,1
554,0
555,1
556,1
557,0
558,0
559,1
560,0
561,0
562,0
563,0
564,0
565,0
566,0
567,1
568,1
569,1
570,1
571,1
572,0
573,0
574,0
575,0
576,1
577,1
578,1
579,0
580,0
581,1
582,1
583,0
584,0
585,1
586,1
587,0
588,0
589,1
590,1
591,0
592,0
593,1
594,1
595,1
596,1
597,1
598,1
599,1
600,1
601,1
602,1
603,0
604,1
605,1
606,0
607,0
608,1
609,0
610,0
611,0
612,1
613,0
614,1
615,0
616,0
617,0
618,0
619,0
620,0
621,1
622,0
623,0
624,1
625,1
626,0
627,0
628,0
629,1
630,0
631,1
632,0
633,1
634,0
635,1
636,0
637,0
638,0
639,0
640,0
641,1
642,0
643,0
644,1
645,0
646,1
647,0
648,0
649,1
650,1
651,1
652,0
653,0
654,0
655,0
656,0
657,0
658,0
659,0
660,0
661,0
662,1
663,0
664,0
665,1
666,0
667,1
668,0
669,1
670,1
671,0
672,0
673,0
674,0
675,0
676,0
677,1
678,0
679,1
680,0
681,0
682,1
683,0
684,0
685,1
686,1
687,0
688,0
689,1
690,1
691,1
692,1
693,1
694,0
695,1
696,1
697,1
698,0
699,0
700,0
701,0
702,0
703,1
704,0
705,1
706,1
707,1
708,0
709,1
710,0
711,0
712,0
713,1
714,0
715,0
716,0
717,0
718,0
719,1
720,1
721,1
722,1
723,0
724,0
725,0
726,1
727,0
728,0
729,0
730,1
731,0
732,0
733,1
734,0
735,0
736,1
737,0
738,0
739,1
740,0
741,0
742,1
743,0
744,0
745,0
746,0
747,0
748,0
749,0
750,0
751,0
752,0
753,0
754,0
755,1
756,0
757,0
758,1
759,1
760,0
761,0
762,0
763,1
764,1
765,1
766,1
767,1
768,1
769,0
770,1
771,0
772,1
773,1
774,1
775,1
776,0
777,0
778,1
779,0
780,0
781,1
782,1
783,1
784,0
785,0
786,0
787,0
788,1
789,0
790,0
791,1
792,1
793,0
794,0
795,0
796,0
797,0
798,0
799,0
800,0
801,0
802,0
803,1
804,0
805,0
806,1
807,0
808,0
809,0
810,0
811,0
812,1
813,0
814,1
815,1
816,0
817,1
818,0
819,1
820,0
821,1
822,0
823,1
824,0
825,1
826,1
827,0
828,1
829,1
830,0
831,0
832,0
833,0
834,0
835,1
836,0
837,0
838,1
839,1
840,1
841,0
842,0
843,0
844,0
845,0
846,0
847,0
848,1
849,0
850,0
851,1
852,1
853,0
854,0
855,0
856,0
857,0
858,1
859,0
860,0
861,0
862,1
863,0
864,0
865,1
866,1
867,1
868,0
869,1
870,1
871,0
872,0
873,1
874,0
875,0
876,1
877,0
878,1
879,1
880,0
881,0
882,1
883,0
884,0
885,0
886,0
887,1
888,1
889,0
890,1
891,0
892,1
893,1
894,1
895,0
896,0
897,0
898,0
899,0
900,0
901,1
902,1
903,0
904,1
905,0
906,1
907,0
908,0
909,0
910,1
911,0
912,0
913,0
914,0
915,0
916,0
917,0
918,0
919,0
920,1
921,0
922,0
923,0
924,0
925,1
926,1
927,1
928,0
929,1
930,0
931,0
932,1
933,0
934,0
935,1
936,1
937,0
938,0
939,0
940,1
941,0
942,1
943,1
944,0
945,0
946,0
947,1
948,0
949,0
950,1
951,0
952,0
953,1
954,0
955,0
956,1
957,0
958,1
959,0
960,1
961,0
962,0
963,0
964,1
965,1
966,1
967,0
968,1
969,0
970,0
971,0
972,1
973,0
974,1
975,1
976,0
977,0
978,0
979,1
980,0
981,1
982,0
983,0
984,1
985,1
986,1
987,0
988,1
989,0
990,1
991,0
992,0
993,0
994,0
995,0
996,0
997,0
998,1
999,0
1000,1
1001,0
1002,0
1003,0
1004,1
1005,1
1006,1
1007,1
1008,0
1009,0
1010,0
1011,0
1012,0
1013,1
1014,0
1015,1
1016,0
1017,0
1018,0
1019,1
1020,1
1021,0
1022,0
1023,0
1024,1
1025,0
1026,0
1027,0
1028,0
1029,0
1030,0
1031,0
1032,1
1033,0
1034,0
1035,0
1036,0
1037,1
1038,0
1039,0
1040,1
1041,1
1042,1
1043,1
1044,1
1045,1
1046,0
1047,1
1048,1
1049,1
1050,0
1051,1
1052,1
1053,1
1054,0
1055,0
1056,1
1057,0
1058,1
1059,1
1060,0
1061,0
1062,0
1063,0
1064,0
1065,0
1066,0
1067,1
1068,1
1069,1
1070,0
1071,1
1072,1
1073,0
1074,1
1075,0
1076,0
1077,1
1078,1
1079,1
1080,0
1081,0
1082,0
1083,1
1084,0
1085,0
1086,1
1087,1
1088,0
1089,1
1090,1
1091,0
1092,0
1093,0
1094,0
1095,1
1096,0
1097,0
1098,1
1099,0
1100,1
1101,0
1102,0
1103,0
1104,0
1105,1
1106,0
1107,0
1108,0
1109,0
1110,0
1111,1
1112,0
1113,0
1114,0
1115,0
1116,0
1117,0
1118,0
1119,1
1120,1
1121,1
1122,1
1123,0
1124,1
1125,1
1126,0
1127,0
1128,0
1129,0
1130,1
1131,0
1132,0
1133,1
1134,0
1135,1
1136,1
1137,0
1138,1
1139,0
1140,0
1141,0
1142,1
1143,0
1144,0
1145,1
1146,0
1147,0
1148,1
1149,1
1150,1
1151,0
1152,0
1153,0
1154,0
1155,0
1156,0
1157,1
1158,0
1159,0
1160,1
1161,0
1162,1
1163,0
1164,0
1165,1
1166,0
1167,1
1168,1
1169,0
1170,1
1171,0
1172,0
1173,0
1174,0
1175,0
1176,0
1177,1
1178,0
1179,0
1180,0
1181,0
1182,0
1183,1
1184,0
1185,0
1186,0
1187,1
1188,1
1189,0
1190,0
1191,0
1192,1
1193,0
1194,0
1195,0
1196,0
1197,0
1198,0
1199,1
1200,1
1201,0
1202,0
1203,0
1204,1
1205,0
1206,1
1207,0
1208,0
1209,0
1210,1
1211,0
1212,0
1213,0
1214,0
1215,1
1216,0
1217,1
1218,0
1219,0
1220,1
1221,1
1222,1
1223,0
1224,0
1225,0
1226,0
1227,0
1228,1
1229,1
1230,0
1231,1
1232,1
1233,0
1234,1
1235,1
1236,0
1237,1
1238,0
1239,0
1240,0
1241,1
1242,0
1243,0
1244,1
1245,0
1246,0
1247,0
1248,0
1249,1
1250,0
1251,0
1252,0
1253,1
1254,1
1255,0
1256,0
1257,0
1258,1
1259,0
1260,0
1261,0
1262,0
1263,0
1264,0
1265,1
1266,1
1267,0
1268,1
1269,0
1270,0
1271,1
1272,0
1273,0
1274,1
1275,0
1276,0
1277,1
1278,1
1279,0
1280,1
1281,0
1282,1
1283,0
1284,0
1285,1
1286,0
1287,1
1288,1
1289,1
1290,0
1291,1
1292,1
1293,0
1294,0
1295,0
1296,0
1297,0
1298,0
1299,0
1300,0
1301,0
1302,1
1303,0
1304,0
1305,1
1306,0
1307,0
1308,0
1309,1
1310,1
1311,0
1312,0
1313,0
1314,0
1315,0
1316,1
1317,0
1318,0
1319,0
1320,0
1321,0
1322,0
1323,0
1324,1
1325,0
1326,0
1327,0
1328,1
1329,0
1330,1
1331,0
1332,1
1333,1
1334,0
1335,0
1336,1
1337,0
1338,0
1339,0
1340,1
1341,1
1342,0
1343,1
1344,0
1345,1
1346,1
1347,0
1348,1
1349,0
1350,1
1351,0
1352,0
1353,0
1354,0
1355,1
1356,0
1357,1
1358,1
1359,1
1360,1
1361,1
1362,1
1363,0
1364,0
1365,1
1366,1
1367,0
1368,0
1369,0
1370,0
1371,1
1372,1
1373,0
1374,0
1375,0
1376,0
1377,0
1378,1
1379,0
1380,0
1381,1
1382,0
1383,0
1384,1
1385,0
1386,1
1387,0
1388,0
1389,0
1390,0
1391,0
1392,1
1393,0
1394,1
1395,0
1396,0
1397,1
1398,0
1399,1
1400,0
1401,0
1402,1
1403,0
1404,1
1405,0
1406,0
1407,0
1408,0
1409,0
1410,0
1411,0
1412,1
1413,1
1414,0
1415,1
1416,0
1417,1
1418,1
1419,1
1420,0
1421,0
1422,0
1423,1
1424,0
1425,0
1426,1
1427,0
1428,0
1429,0
1430,0
1431,1
1432,1
1433,0
1434,1
1435,1
1436,1
1437,1
1438,0
1439,0
1440,1
1441,1
1442,0
1443,0
1444,1
1445,0
1446,1
1447,0
1448,1
1449,0
1450,1
1451,1
1452,0
1453,0
1454,0
1455,0
1456,0
1457,0
1458,0
1459,0
1460,0
1461,1
1462,0
1463,0
1464,0
1465,0
1466,0
1467,1
1468,1
1469,1
1470,1
1471,0
1472,1
1473,1
1474,1
1475,0
1476,0
1477,1
1478,0
1479,0
1480,1
1481,1
1482,0
1483,1
1484,0
1485,1
1486,1
1487,1
1488,1
1489,0
1490,1
1491,0
1492,1
1493,1
1494,0
1495,1
1496,1
1497,0
1498,0
1499,0
1500,0
1501,0
1502,0
1503,1
1504,0
1505,0
1506,0
1507,0
1508,0
1509,1
1510,1
1511,0
1512,0
1513,1
1514,1
1515,0
1516,1
1517,0
1518,1
1519,0
1520,0
1521,0
1522,0
1523,0
1524,1
1525,0
1526,1
1527,1
1528,1
1529,0
1530,0
1531,0
1532,0
1533,0
1534,1
1535,1
1536,0
1537,0
1538,1
1539,1
1540,0
1541,1
1542,0
1543,0
1544,1
1545,0
1546,0
1547,1
1548,0
1549,0
1550,0
1551,0
1552,0
1553,0
1554,0
1555,1
1556,0
1557,0
1558,1
1559,1
1560,0
1561,0
1562,0
1563,0
1564,0
1565,0
1566,1
1567,0
1568,1
1569,1
1570,1
1571,1
1572,1
1573,1
1574,0
1575,1
1576,0
1577,0
1578,1
1579,0
1580,0
1581,0
1582,1
1583,0
1584,0
1585,0
1586,0
1587,1
1588,0
1589,1
1590,1
1591,1
1592,0
1593,1
1594,0
1595,0
1596,1
1597,0
1598,1
1599,0
1600,1
1601,0
1602,0
1603,0
1604,1
1605,1
1606,1
1607,1
1608,1
1609,0
1610,1
1611,0
1612,0
1613,1
1614,1
1615,0
1616,1
1617,1
1618,1
1619,1
1620,0
1621,1
1622,1
1623,1
1624,0
1625,0
1626,1
1627,1
1628,1
1629,1
1630,0
1631,0
1632,0
1633,1
1634,0
1635,1
1636,0
1637,1
1638,1
1639,0
1640,1
1641,0
1642,0
1643,1
1644,0
1645,1
1646,0
1647,0
1648,0
1649,0
1650,1
1651,0
1652,0
1653,0
1654,0
1655,1
1656,0
1657,0
1658,1
1659,0
1660,0
1661,1
1662,0
1663,0
1664,1
1665,1
1666,0
1667,0
1668,0
1669,0
1670,1
1671,0
1672,1
1673,1
1674,0
1675,0
1676,0
1677,0
1678,1
1679,1
1680,1
1681,1
1682,0
1683,0
1684,1
1685,0
1686,1
1687,1
1688,1
1689,0
1690,1
1691,1
1692,0
1693,0
1694,0
1695,1
1696,1
1697,1
1698,0
1699,1
1700,1
1701,0
1702,0
1703,0
1704,0
1705,1
1706,0
1707,0
1708,0
1709,0
1710,0
1711,0
1712,0
1713,0
1714,0
1715,0
1716,0
1717,0
1718,0
1719,0
1720,0
1721,0
1722,0
1723,0
1724,0
1725,0
1726,0
1727,0
1728,1
1729,0
1730,0
1731,0
1732,0
1733,0
1734,0
1735,1
1736,1
1737,1
1738,0
1739,0
1740,1
1741,0
1742,0
1743,0
1744,1
1745,0
1746,1
1747,1
1748,0
1749,1
1750,1
1751,0
1752,0
1753,0
1754,0
1755,0
1756,0
1757,0
1758,0
1759,0
1760,0
1761,0
1762,1
1763,1
1764,0
1765,0
1766,1
1767,1
1768,1
1769,1
1770,0
1771,1
1772,1
1773,0
1774,0
1775,1
1776,0
1777,0
1778,1
1779,0
1780,0
1781,0
1782,0
1783,1
1784,0
1785,1
1786,1
1787,1
1788,0
1789,0
1790,0
1791,0
1792,0
1793,0
1794,0
1795,1
1796,0
1797,0
1798,0
1799,0
1800,1
1801,1
1802,0
1803,0
1804,0
1805,0
1806,0
1807,0
1808,0
1809,1
1810,0
1811,0
1812,1
1813,1
1814,0
1815,1
1816,0
1817,0
1818,0
1819,1
1820,0
1821,0
1822,0
1823,0
1824,1
1825,0
1826,0
1827,1
1828,1
1829,0
1830,0
1831,0
1832,0
1833,0
1834,1
1835,0
1836,1
1837,1
1838,0
1839,0
1840,0
1841,0
1842,1
1843,0
1844,1
1845,0
1846,1
1847,1
1848,1
1849,1
1850,0
1851,0
1852,1
1853,1
1854,0
1855,0
1856,1
1857,1
1858,1
1859,0
1860,1
1861,0
1862,1
1863,0
1864,1
1865,1
1866,0
1867,0
1868,1
1869,1
1870,1
1871,1
1872,1
1873,1
1874,1
1875,0
1876,1
1877,0
1878,0
1879,0
1880,0
1881,1
1882,0
1883,1
1884,0
1885,0
1886,0
1887,0
1888,0
1889,1
1890,1
1891,1
1892,0
1893,0
1894,0
1895,1
1896,0
1897,1
1898,0
1899,0
1900,0
1901,0
1902,0
1903,1
1904,1
1905,0
1906,1
1907,1
1908,0
1909,0
1910,0
1911,0
1912,1
1913,0
1914,0
1915,1
1916,0
1917,0
1918,0
1919,0
1920,0
1921,0
1922,0
1923,0
1924,1
1925,0
1926,1
1927,1
1928,0
1929,0
1930,0
1931,0
1932,1
1933,0
1934,0
1935,1
1936,0
1937,0
1938,0
1939,0
1940,1
1941,1
1942,0
1943,0
1944,0
1945,1
1946,0
1947,1
1948,0
1949,0
1950,0
1951,0
1952,0
1953,0
1954,0
1955,0
1956,0
1957,0
1958,1
1959,0
1960,0
1961,0
1962,1
1963,0
1964,1
1965,0
1966,0
1967,1
1968,0
1969,1
1970,0
1971,1
1972,0
1973,0
1974,1
1975,1
1976,1
1977,0
1978,1
1979,0
1980,0
1981,0
1982,1
1983,0
1984,0
1985,0
1986,0
1987,0
1988,1
1989,1
1990,0
1991,1
1992,1
1993,0
1994,0
1995,1
1996,0
1997,1
1998,0
1999,0
2000,1
2001,1
2002,0
2003,1
2004,1
2005,0
2006,0
2007,0
2008,1
2009,0
2010,1
2011,0
2012,0
2013,1
2014,1
2015,1
2016,1
2017,1
2018,0
2019,0
2020,0
2021,0
2022,0
2023,0
2024,1
2025,1
2026,1
2027,1
2028,0
2029,1
2030,0
2031,1
2032,0
2033,0
2034,0
2035,1
2036,0
2037,0
2038,0
2039,0
2040,0
2041,1
2042,0
2043,1
2044,1
2045,1
2046,0
2047,0
2048,0
2049,1
2050,0
2051,1
2052,1
2053,0
2054,0
2055,0
2056,0
2057,1
2058,0
2059,0
2060,0
2061,0
2062,0
2063,1
2064,0
2065,1
2066,0
2067,1
2068,1
2069,0
2070,0
2071,1
2072,1
2073,1
2074,0
2075,1
2076,0
2077,0
2078,0
2079,0
2080,0
2081,1
2082,0
2083,0
2084,1
2085,0
2086,1
2087,0
2088,1
2089,1
2090,0
2091,1
2092,1
2093,0
2094,0
2095,1
2096,0
2097,1
2098,1
2099,0
2100,0
2101,1
2102,0
2103,1
2104,1
2105,0
2106,0
2107,0
2108,0
2109,0
2110,1
2111,0
2112,1
2113,0
2114,1
2115,0
2116,0
2117,1
2118,0
2119,0
2120,0
2121,1
2122,0
2123,1
2124,0
2125,1
2126,0
2127,0
2128,0
2129,0
2130,0
2131,1
2132,1
2133,0
2134,0
2135,1
2136,1
2137,1
2138,0
2139,0
2140,0
2141,0
2142,0
2143,1
2144,0
2145,1
2146,1
2147,0
2148,0
2149,0
2150,0
2151,0
2152,0
2153,1
2154,0
2155,1
2156,1
2157,0
2158,0
2159,1
2160,0
2161,0
2162,0
2163,0
2164,0
2165,0
2166,0
2167,0
2168,1
2169,1
2170,1
2171,0
2172,0
2173,0
2174,0
2175,1
2176,0
2177,0
2178,0
2179,1
2180,0
2181,0
2182,0
2183,0
2184,1
2185,1
2186,0
2187,0
2188,0
2189,0
2190,1
2191,1
2192,0
2193,1
2194,1
2195,0
2196,0
2197,0
2198,0
2199,1
2200,0
2201,0
2202,0
2203,1
2204,0
2205,1
2206,0
2207,0
2208,1
2209,1
2210,0
2211,0
2212,0
2213,1
2214,0
2215,1
2216,0
2217,0
2218,1
2219,0
2220,0
2221,1
2222,0
2223,1
2224,0
2225,0
2226,0
2227,0
2228,0
2229,1
2230,0
2231,0
2232,0
2233,1
2234,0
2235,1
2236,1
2237,1
2238,1
2239,0
2240,1
2241,1
2242,0
2243,0
2244,0
2245,0
2246,1
2247,1
2248,0
2249,0
2250,0
2251,0
2252,1
2253,1
2254,1
2255,1
2256,0
2257,0
2258,0
2259,1
2260,1
2261,0
2262,0
2263,1
2264,1
2265,0
2266,0
2267,0
2268,1
2269,0
2270,0
2271,1
2272,1
2273,1
2274,0
2275,0
2276,0
2277,1
2278,0
2279,1
2280,0
2281,0
2282,0
2283,0
2284,0
2285,0
2286,1
2287,0
2288,1
2289,0
2290,0
2291,0
2292,0
2293,1
2294,0
2295,0
2296,0
2297,1
2298,1
2299,1
2300,0
2301,0
2302,0
2303,1
2304,1
2305,0
2306,0
2307,0
2308,0
2309,0
2310,0
2311,0
2312,0
2313,0
2314,0
2315,0
2316,0
2317,0
2318,1
2319,1
2320,0
2321,0
2322,1
2323,0
2324,0
2325,1
2326,0
2327,1
2328,1
2329,0
2330,0
2331,0
2332,0
2333,1
2334,0
2335,0
2336,0
2337,0
2338,1
2339,0
2340,0
2341,1
2342,1
2343,1
2344,0
2345,0
2346,0
2347,1
2348,0
2349,1
2350,0
2351,0
2352,0
2353,1
2354,0
2355,0
2356,0
2357,1
2358,0
2359,0
2360,1
2361,0
2362,0
2363,0
2364,1
2365,0
2366,1
2367,0
2368,0
2369,0
2370,1
2371,1
2372,0
2373,0
2374,0
2375,0
2376,0
2377,0
2378,0
2379,0
2380,0
2381,1
2382,1
2383,1
2384,0
2385,0
2386,0
2387,1
2388,0
2389,0
2390,1
2391,0
2392,0
2393,1
2394,1
2395,0
2396,0
2397,1
2398,0
2399,0
2400,0
2401,0
2402,1
2403,1
2404,1
2405,1
2406,0
2407,1
2408,1
2409,0
2410,0
2411,1
2412,0
2413,0
2414,1
2415,0
2416,0
2417,1
2418,1
2419,0
2420,0
2421,0
2422,0
2423,0
2424,0
2425,0
2426,0
2427,0
2428,0
2429,1
2430,0
2431,1
2432,0
2433,1
2434,0
2435,1
2436,1
2437,0
2438,0
2439,1
2440,0
2441,1
2442,0
2443,0
2444,0
2445,0
2446,1
2447,0
2448,0
2449,0
2450,0
2451,0
2452,0
2453,0
2454,0
2455,0
2456,0
2457,0
2458,0
2459,0
2460,0
2461,0
2462,0
2463,0
2464,1
2465,0
2466,0
2467,1
2468,0
2469,0
2470,0
2471,1
2472,0
2473,1
2474,0
2475,1
2476,1
2477,0
2478,0
2479,1
2480,0
2481,0
2482,0
2483,0
2484,1
2485,0
2486,1
2487,0
2488,1
2489,0
2490,1
2491,0
2492,0
2493,0
2494,0
2495,0
2496,0
2497,1
2498,0
2499,1
2500,1
2501,0
2502,1
2503,1
2504,0
2505,0
2506,1
2507,1
2508,0
2509,1
2510,0
2511,1
2512,0
2513,1
2514,1
2515,0
2516,1
2517,0
2518,1
2519,0
2520,0
2521,1
2522,1
2523,1
2524,0
2525,0
2526,0
2527,1
2528,1
2529,1
2530,0
2531,0
2532,0
2533,1
2534,0
2535,0
2536,0
2537,0
2538,1
2539,0
2540,0
2541,0
2542,1
2543,0
2544,0
2545,0
2546,1
2547,0
2548,0
2549,0
2550,1
2551,0
2552,0
2553,0
2554,0
2555,1
2556,0
2557,1
2558,1
2559,1
2560,0
2561,1
2562,0
2563,0
2564,0
2565,1
2566,0
2567,0
2568,1
2569,1
2570,0
2571,0
2572,0
2573,1
2574,1
2575,1
2576,1
2577,0
2578,0
2579,0
2580,0
2581,1
2582,1
2583,0
2584,0
2585,0
2586,0
2587,0
2588,1
2589,1
2590,1
2591,1
2592,0
2593,1
2594,1
2595,0
2596,1
2597,1
2598,0
2599,0
2600,0
2601,0
2602,0
2603,0
2604,0
2605,1
2606,1
2607,0
2608,1
2609,0
2610,0
2611,1
2612,1
2613,0
2614,1
2615,0
2616,0
2617,0
2618,0
2619,1
2620,0
2621,1
2622,0
2623,0
2624,0
2625,1
2626,0
2627,1
2628,1
2629,0
2630,0
2631,1
2632,1
2633,0
2634,1
2635,1
2636,0
2637,0
2638,0
2639,1
2640,1
2641,0
2642,0
2643,0
2644,1
2645,0
2646,0
2647,0
2648,0
2649,0
2650,0
2651,1
2652,1
2653,1
2654,1
2655,1
2656,0
2657,0
2658,0
2659,0
2660,0
2661,0
2662,0
2663,0
2664,0
2665,1
2666,1
2667,1
2668,0
2669,0
2670,1
2671,0
2672,0
2673,0
2674,0
2675,1
2676,0
2677,1
2678,1
2679,0
2680,0
2681,0
2682,1
2683,1
2684,0
2685,1
2686,0
2687,0
2688,0
2689,1
2690,1
2691,0
2692,1
2693,0
2694,1
2695,0
2696,1
2697,0
2698,1
2699,1
2700,0
2701,1
2702,0
2703,0
2704,0
2705,1
2706,0
2707,0
2708,0
2709,0
2710,1
2711,0
2712,0
2713,1
2714,0
2715,1
2716,0
2717,0
2718,1
2719,0
2720,1
2721,0
2722,0
2723,0
2724,0
2725,1
2726,1
2727,0
2728,1
2729,0
2730,0
2731,1
2732,0
2733,0
2734,0
2735,0
2736,0
2737,0
2738,0
2739,1
2740,1
2741,0
2742,1
2743,0
2744,1
2745,1
2746,0
2747,0
2748,0
2749,1
2750,1
2751,0
2752,0
2753,0
2754,0
2755,1
2756,1
2757,0
2758,1
2759,0
2760,1
2761,0
2762,0
2763,0
2764,1
2765,1
2766,1
2767,1
2768,0
2769,0
2770,0
2771,1
2772,1
2773,0
2774,1
2775,0
2776,0
2777,1
2778,1
2779,1
2780,0
2781,1
2782,1
2783,0
2784,1
2785,1
2786,0
2787,0
2788,1
2789,1
2790,0
2791,0
2792,0
2793,1
2794,1
2795,0
2796,0
2797,1
2798,1
2799,0
2800,0
2801,0
2802,0
2803,0
2804,1
2805,0
2806,0
2807,1
2808,0
2809,1
2810,0
2811,0
2812,0
2813,0
2814,1
2815,0
2816,1
2817,0
2818,0
2819,1
2820,0
2821,0
2822,1
2823,0
2824,0
2825,0
2826,0
2827,0
2828,1
2829,1
2830,0
2831,1
2832,0
2833,0
2834,0
2835,0
2836,0
2837,0
2838,0
2839,1
2840,0
2841,1
2842,0
2843,1
2844,0
2845,1
2846,0
2847,1
2848,0
2849,0
2850,1
2851,0
2852,1
2853,1
2854,0
2855,0
2856,1
2857,0
2858,0
2859,0
2860,0
2861,0
2862,1
2863,0
2864,1
2865,0
2866,1
2867,1
2868,0
2869,0
2870,0
2871,0
2872,0
2873,1
2874,0
2875,0
2876,0
2877,0
2878,0
2879,0
2880,0
2881,0
2882,0
2883,0
2884,1
2885,0
2886,1
2887,0
2888,1
2889,1
2890,0
2891,1
2892,1
2893,1
2894,0
2895,0
2896,1
2897,1
2898,0
2899,0
2900,1
2901,0
2902,0
2903,1
2904,0
2905,1
2906,0
2907,1
2908,1
2909,1
2910,0
2911,0
2912,0
2913,1
2914,0
2915,0
2916,0
2917,1
2918,0
2919,0
2920,0
2921,1
2922,1
2923,0
2924,0
2925,0
2926,1
2927,1
2928,1
2929,1
2930,0
2931,1
2932,1
2933,0
2934,1
2935,0
2936,0
2937,0
2938,0
2939,0
2940,0
2941,0
2942,0
2943,1
2944,0
2945,0
2946,0
2947,1
2948,0
2949,1
2950,1
2951,0
2952,0
2953,1
2954,1
2955,0
2956,1
2957,0
2958,0
2959,0
2960,0
2961,1
2962,1
2963,0
2964,0
2965,1
2966,1
2967,0
2968,1
2969,0
2970,1
2971,0
2972,0
2973,0
2974,1
2975,0
2976,1
2977,0
2978,1
2979,0
2980,0
2981,0
2982,0
2983,1
2984,1
2985,0
2986,0
2987,1
2988,0
2989,0
2990,0
2991,1
2992,1
2993,0
2994,1
2995,1
2996,0
2997,1
2998,0
2999,1
3000,0
3001,0
3002,1
3003,1
3004,0
3005,0
3006,0
3007,0
3008,1
3009,0
3010,0
3011,0
3012,0
3013,0
3014,0
3015,0
3016,1
3017,1
3018,0
3019,0
3020,0
3021,0
3022,0
3023,0
3024,0
3025,0
3026,0
3027,0
3028,0
3029,0
3030,0
3031,0
3032,0
3033,0
3034,1
3035,0
3036,0
3037,0
3038,0
3039,0
3040,0
3041,1
3042,0
3043,1
3044,0
3045,1
3046,0
3047,0
3048,1
3049,1
3050,1
3051,0
3052,1
3053,1
3054,0
3055,0
3056,0
3057,1
3058,1
3059,0
3060,0
3061,0
3062,1
3063,0
3064,1
3065,1
3066,0
3067,0
3068,0
3069,0
3070,0
3071,1
3072,0
3073,0
3074,0
3075,0
3076,0
3077,0
3078,0
3079,1
3080,1
3081,0
3082,0
3083,0
3084,0
3085,1
3086,1
3087,0
3088,0
3089,0
3090,1
3091,0
3092,0
3093,0
3094,1
3095,1
3096,1
3097,0
3098,0
3099,0
3100,0
3101,0
3102,0
3103,1
3104,0
3105,0
3106,1
3107,1
3108,0
3109,1
3110,0
3111,0
3112,0
3113,1
3114,0
3115,0
3116,1
3117,0
3118,0
3119,0
3120,0
3121,0
3122,0
3123,1
3124,1
3125,1
3126,0
3127,1
3128,0
3129,1
3130,0
3131,0
3132,0
3133,0
3134,0
3135,1
3136,1
3137,0
3138,0
3139,1
3140,0
3141,0
3142,0
3143,0
3144,0
3145,0
3146,0
3147,0
3148,0
3149,0
3150,1
3151,0
3152,0
3153,0
3154,0
3155,1
3156,0
3157,1
3158,0
3159,0
3160,1
3161,1
3162,0
3163,0
3164,0
3165,1
3166,1
3167,1
3168,0
3169,0
3170,0
3171,0
3172,0
3173,1
3174,0
3175,1
3176,0
3177,0
3178,1
3179,1
3180,1
3181,0
3182,1
3183,0
3184,1
3185,0
3186,0
3187,1
3188,0
3189,1
3190,1
3191,0
3192,0
3193,1
3194,0
3195,1
3196,1
3197,0
3198,1
3199,0
3200,1
3201,1
3202,1
3203,1
3204,0
3205,1
3206,1
3207,1
3208,1
3209,1
3210,1
3211,0
3212,0
3213,1
3214,1
3215,1
3216,0
3217,0
3218,0
3219,0
3220,0
3221,1
3222,1
3223,0
3224,1
3225,0
3226,0
3227,0
3228,1
3229,0
3230,0
3231,0
3232,0
3233,0
3234,1
3235,0
3236,1
3237,0
3238,0
3239,0
3240,1
3241,1
3242,1
3243,1
3244,0
3245,1
3246,0
3247,0
3248,0
3249,1
3250,1
3251,1
3252,1
3253,0
3254,0
3255,0
3256,1
3257,0
3258,1
3259,0
3260,1
3261,1
3262,1
3263,0
3264,1
3265,0
3266,1
3267,1
3268,0
3269,1
3270,1
3271,0
3272,1
3273,1
3274,0
3275,0
3276,0
3277,0
3278,0
3279,0
3280,0
3281,0
3282,0
3283,0
3284,1
3285,0
3286,0
3287,0
3288,0
3289,0
3290,0
3291,1
3292,0
3293,0
3294,1
3295,1
3296,1
3297,0
3298,1
3299,1
3300,0
3301,0
3302,1
3303,1
3304,0
3305,1
3306,1
3307,0
3308,1
3309,0
3310,1
3311,0
3312,1
3313,0
3314,0
3315,0
3316,1
3317,0
3318,1
3319,1
3320,0
3321,0
3322,0
3323,0
3324,0
3325,0
3326,1
3327,1
3328,1
3329,1
3330,1
3331,1
3332,1
3333,0
3334,1
3335,0
3336,1
3337,0
3338,0
3339,1
3340,1
3341,0
3342,0
3343,1
3344,0
3345,0
3346,0
3347,0
3348,0
3349,0
3350,0
3351,0
3352,0
3353,0
3354,0
3355,1
3356,1
3357,1
3358,0
3359,0
3360,1
3361,0
3362,0
3363,0
3364,1
3365,0
3366,0
3367,1
3368,1
3369,1
3370,0
3371,0
3372,0
3373,0
3374,1
3375,1
3376,1
3377,1
3378,1
3379,0
3380,1
3381,0
3382,1
3383,1
3384,0
3385,0
3386,0
3387,0
3388,1
3389,1
3390,0
3391,0
3392,1
3393,0
3394,0
3395,1
3396,0
3397,0
3398,1
3399,1
3400,0
3401,0
3402,1
3403,0
3404,1
3405,1
3406,0
3407,1
3408,0
3409,1
3410,1
3411,1
3412,0
3413,0
3414,1
3415,1
3416,0
3417,0
3418,1
3419,0
3420,1
3421,0
3422,0
3423,1
3424,0
3425,1
3426,0
3427,0
3428,1
3429,0
3430,0
3431,1
3432,1
3433,0
3434,1
3435,1
3436,1
3437,0
3438,0
3439,0
3440,0
3441,0
3442,0
3443,0
3444,1
3445,0
3446,1
3447,0
3448,1
3449,0
3450,0
3451,0
3452,1
3453,1
3454,0
3455,1
3456,0
3457,0
3458,0
3459,0
3460,1
3461,0
3462,0
3463,0
3464,0
3465,1
3466,0
3467,1
3468,0
3469,1
3470,0
3471,1
3472,0
3473,0
3474,0
3475,1
3476,0
3477,1
3478,0
3479,0
3480,1
3481,0
3482,0
3483,0
3484,1
3485,1
3486,0
3487,0
3488,0
3489,1
3490,0
3491,0
3492,0
3493,0
3494,0
3495,1
3496,1
3497,0
3498,1
3499,0
3500,1
3501,0
3502,1
3503,1
3504,1
3505,0
3506,0
3507,1
3508,0
3509,1
3510,0
3511,0
3512,0
3513,1
3514,0
3515,0
3516,1
3517,0
3518,0
3519,1
3520,0
3521,1
3522,0
3523,0
3524,0
3525,1
3526,0
3527,1
3528,1
3529,1
3530,0
3531,0
3532,0
3533,0
3534,0
3535,0
3536,1
3537,0
3538,0
3539,0
3540,0
3541,1
3542,1
3543,0
3544,0
3545,1
3546,1
3547,1
3548,1
3549,1
3550,0
3551,0
3552,0
3553,0
3554,1
3555,0
3556,0
3557,1
3558,0
3559,0
3560,0
3561,1
3562,1
3563,1
3564,0
3565,0
3566,0
3567,0
3568,0
3569,0
3570,0
3571,0
3572,0
3573,1
3574,1
3575,0
3576,1
3577,1
3578,0
3579,0
3580,1
3581,1
3582,0
3583,0
3584,0
3585,0
3586,0
3587,0
3588,1
3589,0
3590,0
3591,0
3592,0
3593,0
3594,0
3595,1
3596,1
3597,0
3598,0
3599,1
3600,0
3601,1
3602,0
3603,1
3604,0
3605,0
3606,1
3607,1
3608,0
3609,1
3610,0
3611,1
3612,1
3613,0
3614,1
3615,0
3616,0
3617,0
3618,1
3619,1
3620,0
3621,0
3622,0
3623,0
3624,0
3625,0
3626,1
3627,1
3628,0
3629,1
3630,0
3631,0
3632,0
3633,0
3634,0
3635,0
3636,0
3637,0
3638,1
3639,1
3640,0
3641,0
3642,0
3643,1
3644,0
3645,0
3646,0
3647,0
3648,1
3649,0
3650,0
3651,0
3652,0
3653,1
3654,0
3655,1
3656,1
3657,0
3658,0
3659,0
3660,0
3661,0
3662,0
3663,1
3664,0
3665,1
3666,0
3667,1
3668,1
3669,0
3670,0
3671,1
3672,1
3673,0
3674,0
3675,0
3676,1
3677,0
3678,0
3679,0
3680,1
3681,0
3682,1
3683,0
3684,1
3685,0
3686,0
3687,0
3688,1
3689,1
3690,0
3691,0
3692,1
3693,0
3694,0
3695,1
3696,1
3697,1
3698,1
3699,0
3700,0
3701,1
3702,1
3703,0
3704,0
3705,1
3706,1
3707,1
3708,0
3709,0
3710,0
3711,0
3712,1
3713,0
3714,0
3715,0
3716,0
3717,0
3718,0
3719,0
3720,0
3721,1
3722,1
3723,1
3724,0
3725,0
3726,1
3727,0
3728,0
3729,0
3730,1
3731,1
3732,1
3733,0
3734,0
3735,1
3736,1
3737,0
3738,1
3739,1
3740,1
3741,1
3742,0
3743,0
3744,0
3745,0
3746,0
3747,1
3748,1
3749,1
3750,1
3751,1
3752,1
3753,0
3754,0
3755,0
3756,1
3757,0
3758,0
3759,0
3760,1
3761,0
3762,0
3763,1
3764,0
3765,1
3766,0
3767,0
3768,0
3769,1
3770,0
3771,0
3772,0
3773,0
3774,0
3775,0
3776,0
3777,0
3778,0
3779,0
3780,1
3781,1
3782,0
3783,1
3784,0
3785,0
3786,1
3787,1
3788,1
3789,0
3790,1
3791,0
3792,0
3793,0
3794,0
3795,1
3796,0
3797,1
3798,0
3799,0
3800,0
3801,0
3802,1
3803,1
3804,1
3805,1
3806,1
3807,0
3808,1
3809,0
3810,0
3811,0
3812,1
3813,1
3814,1
3815,0
3816,1
3817,0
3818,0
3819,0
3820,0
3821,1
3822,0
3823,1
3824,1
3825,1
3826,0
3827,0
3828,1
3829,1
3830,0
3831,0
3832,0
3833,0
3834,0
3835,1
3836,1
3837,0
3838,1
3839,0
3840,1
3841,1
3842,1
3843,1
3844,1
3845,0
3846,1
3847,0
3848,1
3849,1
3850,1
3851,0
3852,1
3853,0
3854,0
3855,1
3856,0
3857,0
3858,0
3859,0
3860,0
3861,0
3862,0
3863,0
3864,1
3865,0
3866,0
3867,0
3868,1
3869,0
3870,0
3871,1
3872,0
3873,0
3874,1
3875,0
3876,0
3877,0
3878,0
3879,1
3880,0
3881,1
3882,0
3883,0
3884,0
3885,1
3886,1
3887,1
3888,0
3889,1
3890,0
3891,0
3892,1
3893,0
3894,0
3895,0
3896,0
3897,1
3898,1
3899,0
3900,0
3901,0
3902,0
3903,0
3904,0
3905,1
3906,0
3907,0
3908,1
3909,0
3910,0
3911,0
3912,0
3913,0
3914,0
3915,1
3916,0
3917,0
3918,1
3919,0
3920,0
3921,0
3922,0
3923,1
3924,0
3925,1
3926,0
3927,0
3928,1
3929,0
3930,1
3931,0
3932,0
3933,0
3934,0
3935,0
3936,0
3937,1
3938,1
3939,1
3940,0
3941,0
3942,1
3943,0
3944,1
3945,0
3946,0
3947,0
3948,0
3949,1
3950,0
3951,0
3952,0
3953,0
3954,0
3955,0
3956,0
3957,0
3958,0
3959,0
3960,0
3961,0
3962,1
3963,0
3964,1
3965,0
3966,1
3967,0
3968,0
3969,1
3970,0
3971,0
3972,0
3973,0
3974,1
3975,1
3976,0
3977,0
3978,0
3979,1
3980,0
3981,1
3982,0
3983,0
3984,0
3985,0
3986,1
3987,0
3988,1
3989,0
3990,0
3991,1
3992,0
3993,1
3994,0
3995,0
3996,0
3997,0
3998,0
3999,1
4000,0
4001,0
4002,0
4003,0
4004,0
4005,0
4006,0
4007,0
4008,0
4009,0
4010,1
4011,0
4012,0
4013,0
4014,1
4015,1
4016,0
4017,1
4018,0
4019,1
4020,1
4021,0
4022,1
4023,0
4024,0
4025,0
4026,1
4027,0
4028,1
4029,0
4030,0
4031,0
4032,1
4033,0
4034,0
4035,1
4036,1
4037,0
4038,0
4039,0
4040,0
4041,1
4042,0
4043,0
4044,0
4045,0
4046,0
4047,0
4048,0
4049,0
4050,0
4051,0
4052,0
4053,1
4054,1
4055,1
4056,1
4057,1
4058,1
4059,0
4060,0
4061,0
4062,1
4063,0
4064,0
4065,0
4066,1
4067,0
4068,0
4069,1
4070,0
4071,1
4072,1
4073,0
4074,1
4075,0
4076,0
4077,0
4078,0
4079,0
4080,0
4081,1
4082,0
4083,0
4084,0
4085,1
4086,1
4087,1
4088,0
4089,0
4090,1
4091,0
4092,0
4093,1
4094,1
4095,0
4096,1
4097,0
4098,1
4099,0
4100,0
4101,0
4102,0
4103,0
4104,0
4105,1
4106,0
4107,1
4108,0
4109,0
4110,0
4111,1
4112,1
4113,0
4114,1
4115,1
4116,1
4117,0
4118,0
4119,0
4120,1
4121,0
4122,0
4123,1
4124,1
4125,0
4126,0
4127,1
4128,1
4129,1
4130,0
4131,0
4132,0
4133,1
4134,1
4135,1
4136,0
4137,0
4138,1
4139,0
4140,1
4141,1
4142,1
4143,0
4144,0
4145,0
4146,1
4147,0
4148,1
4149,0
4150,0
4151,0
4152,1
4153,1
4154,0
4155,0
4156,0
4157,0
4158,1
4159,0
4160,1
4161,0
4162,0
4163,1
4164,1
4165,1
4166,1
4167,1
4168,0
4169,1
4170,0
4171,0
4172,0
4173,0
4174,1
4175,1
4176,0
4177,0
4178,1
4179,1
4180,0
4181,1
4182,0
4183,0
4184,0
4185,1
4186,1
4187,1
4188,0
4189,1
4190,0
4191,1
4192,0
4193,1
4194,1
4195,0
4196,1
4197,1
4198,1
4199,1
4200,0
4201,0
4202,0
4203,0
4204,0
4205,1
4206,1
4207,1
4208,1
4209,0
4210,0
4211,0
4212,0
4213,0
4214,0
4215,0
4216,0
4217,1
4218,0
4219,1
4220,0
4221,0
4222,0
4223,1
4224,0
4225,0
4226,0
4227,1
4228,1
4229,1
4230,1
4231,1
4232,0
4233,0
4234,0
4235,1
4236,0
4237,1
4238,1
4239,1
4240,0
4241,0
4242,0
4243,0
4244,0
4245,1
4246,0
4247,1
4248,0
4249,1
4250,0
4251,0
4252,1
4253,0
4254,1
4255,1
4256,0
4257,1
4258,0
4259,1
4260,0
4261,0
4262,0
4263,0
4264,0
4265,0
4266,0
4267,1
4268,0
4269,1
4270,1
4271,0
4272,0
4273,1
4274,0
4275,0
4276,0
4277,1
4278,1
4279,0
4280,0
4281,0
4282,1
4283,0
4284,0
4285,0
4286,1
4287,1
4288,1
4289,1
4290,0
4291,1
4292,0
4293,0
4294,1
4295,1
4296,1
4297,0
4298,1
4299,1
4300,0
4301,0
4302,0
4303,0
4304,0
4305,0
4306,0
4307,1
4308,0
4309,0
4310,0
4311,0
4312,0
4313,1
4314,0
4315,0
4316,1
4317,1
4318,0
4319,0
4320,0
4321,0
4322,1
4323,1
4324,1
4325,0
4326,1
4327,0
4328,1
4329,1
4330,0
4331,1
4332,1
4333,1
4334,0
4335,1
4336,1
4337,1
4338,0
4339,0
4340,1
4341,0
4342,0
4343,1
4344,0
4345,1
4346,0
4347,1
4348,1
4349,0
4350,0
4351,0
4352,1
4353,0
4354,0
4355,0
4356,1
4357,0
4358,0
4359,0
4360,0
4361,0
4362,1
4363,0
4364,1
4365,1
4366,1
4367,0
4368,1
4369,1
4370,1
4371,0
4372,1
4373,1
4374,1
4375,1
4376,0
4377,0
4378,0
4379,0
4380,1
4381,0
4382,0
4383,0
4384,1
4385,1
4386,1
4387,0
4388,0
4389,0
4390,0
4391,1
4392,0
4393,0
4394,0
4395,0
4396,1
4397,0
4398,0
4399,0
4400,0
4401,0
4402,0
4403,0
4404,1
4405,0
4406,0
4407,0
4408,0
4409,0
4410,1
4411,0
4412,0
4413,0
4414,1
4415,1
4416,0
4417,0
4418,1
4419,1
4420,1
4421,1
4422,1
4423,1
4424,0
4425,0
4426,0
4427,0
4428,0
4429,0
4430,0
4431,0
4432,0
4433,1
4434,1
4435,0
4436,0
4437,1
4438,0
4439,0
4440,1
4441,0
4442,0
4443,0
4444,0
4445,1
4446,0
4447,0
4448,0
4449,1
4450,0
4451,1
4452,0
4453,0
4454,1
4455,1
4456,0
4457,0
4458,0
4459,1
4460,0
4461,1
4462,1
4463,0
4464,0
4465,0
4466,0
4467,0
4468,1
4469,1
4470,1
4471,1
4472,1
4473,1
4474,1
4475,0
4476,0
4477,0
4478,0
4479,0
4480,0
4481,0
4482,0
4483,0
4484,0
4485,0
4486,0
4487,1
4488,1
4489,0
4490,0
4491,0
4492,1
4493,1
4494,0
4495,0
4496,0
4497,0
4498,1
4499,1
4500,0
4501,0
4502,0
4503,1
4504,0
4505,1
4506,1
4507,0
4508,0
4509,1
4510,0
4511,0
4512,0
4513,0
4514,0
4515,1
4516,1
4517,0
4518,0
4519,1
4520,0
4521,1
4522,1
4523,1
4524,1
4525,0
4526,1
4527,1
4528,0
4529,0
4530,0
4531,0
4532,0
4533,1
4534,0
4535,0
4536,1
4537,0
4538,0
4539,0
4540,0
4541,1
4542,1
4543,0
4544,0
4545,1
4546,1
4547,0
4548,0
4549,1
4550,0
4551,1
4552,0
4553,1
4554,1
4555,1
4556,1
4557,0
4558,1
4559,0
4560,0
4561,1
4562,0
4563,0
4564,0
4565,0
4566,0
4567,0
4568,1
4569,0
4570,0
4571,1
4572,0
4573,0
4574,0
4575,0
4576,0
4577,0
4578,0
4579,0
4580,1
4581,0
4582,1
4583,0
4584,0
4585,1
4586,1
4587,1
4588,0
4589,0
4590,1
4591,0
4592,0
4593,0
4594,1
4595,0
4596,0
4597,0
4598,0
4599,0
4600,0
4601,1
4602,0
4603,0
4604,0
4605,0
4606,0
4607,0
4608,0
4609,0
4610,0
4611,0
4612,1
4613,0
4614,0
4615,0
4616,0
4617,1
4618,0
4619,1
4620,0
4621,1
4622,1
4623,0
4624,0
4625,0
4626,0
4627,0
4628,1
4629,0
4630,0
4631,1
4632,1
4633,0
4634,0
4635,0
4636,1
4637,0
4638,0
4639,1
4640,0
4641,0
4642,1
4643,0
4644,1
4645,0
4646,0
4647,0
4648,1
4649,0
4650,1
4651,1
4652,1
4653,0
4654,0
4655,0
4656,0
4657,1
4658,1
4659,1
4660,1
4661,0
4662,0
4663,1
4664,0
4665,0
4666,0
4667,1
4668,0
4669,1
4670,1
4671,0
4672,1
4673,1
4674,1
4675,1
4676,0
4677,0
4678,0
4679,0
4680,1
4681,1
4682,0
4683,0
4684,1
4685,1
4686,1
4687,0
4688,0
4689,1
4690,0
4691,1
4692,0
4693,1
4694,0
4695,1
4696,1
4697,0
4698,0
4699,1
4700,0
4701,0
4702,0
4703,1
4704,0
4705,0
4706,0
4707,1
4708,0
4709,0
4710,0
4711,1
4712,0
4713,0
4714,1
4715,0
4716,0
4717,0
4718,1
4719,0
4720,1
4721,1
4722,0
4723,0
4724,0
4725,1
4726,1
4727,1
4728,0
4729,0
4730,1
4731,0
4732,0
4733,0
4734,0
4735,0
4736,0
4737,0
4738,1
4739,1
4740,0
4741,0
4742,1
4743,0
4744,1
4745,0
4746,0
4747,0
4748,1
4749,0
4750,1
4751,0
4752,1
4753,0
4754,0
4755,1
4756,1
4757,0
4758,0
4759,0
4760,0
4761,0
4762,0
4763,0
4764,0
4765,1
4766,0
4767,0
4768,0
4769,0
4770,1
4771,0
4772,0
4773,0
4774,0
4775,0
4776,1
4777,0
4778,0
4779,1
4780,0
4781,0
4782,0
4783,1
4784,1
4785,0
4786,0
4787,0
4788,0
4789,1
4790,0
4791,0
4792,0
4793,0
4794,1
4795,0
4796,1
4797,0
4798,0
4799,0
4800,0
4801,0
4802,0
4803,0
4804,1
4805,0
4806,0
4807,0
4808,1
4809,1
4810,0
4811,1
4812,0
4813,1
4814,1
4815,0
4816,1
4817,0
4818,1
4819,1
4820,0
4821,0
4822,1
4823,1
4824,1
4825,1
4826,1
4827,0
4828,0
4829,0
4830,0
4831,0
4832,1
4833,0
4834,1
4835,0
4836,0
4837,0
4838,1
4839,0
4840,0
4841,0
4842,0
4843,0
4844,1
4845,1
4846,1
4847,0
4848,0
4849,0
4850,0
4851,0
4852,0
4853,0
4854,1
4855,0
4856,1
4857,0
4858,0
4859,0
4860,1
4861,0
4862,0
4863,1
4864,0
4865,1
4866,0
4867,1
4868,1
4869,0
4870,0
4871,1
4872,1
4873,1
4874,0
4875,0
4876,0
4877,0
4878,0
4879,0
4880,0
4881,1
4882,0
4883,0
4884,0
4885,0
4886,0
4887,0
4888,0
4889,1
4890,1
4891,1
4892,1
4893,0
4894,1
4895,1
4896,0
4897,1
4898,1
4899,0
4900,1
4901,0
4902,1
4903,0
4904,0
4905,0
4906,1
4907,0
4908,0
4909,0
4910,0
4911,1
4912,1
4913,1
4914,0
4915,0
4916,1
4917,1
4918,0
4919,1
4920,0
4921,0
4922,1
4923,0
4924,1
4925,0
4926,0
4927,1
4928,0
4929,0
4930,1
4931,0
4932,0
4933,1
4934,0
4935,1
4936,0
4937,0
4938,0
4939,0
4940,0
4941,0
4942,1
4943,0
4944,0
4945,0
4946,1
4947,1
4948,0
4949,0
4950,1
4951,0
4952,0
4953,1
4954,0
4955,0
4956,0
4957,1
4958,0
4959,0
4960,1
4961,0
4962,0
4963,0
4964,0
4965,0
4966,0
4967,1
4968,0
4969,0
4970,1
4971,0
4972,0
4973,1
4974,0
4975,0
4976,0
4977,1
4978,0
4979,1
4980,0
4981,0
4982,1
4983,0
4984,0
4985,1
4986,1
4987,0
4988,1
4989,1
4990,0
4991,0
4992,1
4993,0
4994,1
4995,1
4996,0
4997,1
4998,0
4999,0
5000,1
5001,1
5002,0
5003,0
5004,0
5005,0
5006,0
5007,0
5008,0
5009,0
5010,0
5011,0
5012,0
5013,1
5014,0
5015,0
5016,1
5017,0
5018,1
5019,1
5020,0
5021,1
5022,1
5023,0
5024,0
5025,0
5026,1
5027,0
5028,0
5029,1
5030,1
5031,0
5032,0
5033,0
5034,0
5035,0
5036,0
5037,0
5038,0
5039,1
5040,1
5041,0
5042,1
5043,0
5044,0
5045,0
5046,0
5047,1
5048,0
5049,0
5050,1
5051,1
5052,1
5053,0
5054,0
5055,0
5056,1
5057,0
5058,0
5059,0
5060,1
5061,0
5062,0
5063,0
5064,1
5065,0
5066,1
5067,0
5068,0
5069,1
5070,0
5071,0
5072,1
5073,0
5074,0
5075,1
5076,0
5077,0
5078,0
5079,0
5080,0
5081,1
5082,0
5083,0
5084,0
5085,0
5086,0
5087,1
5088,0
5089,1
5090,1
5091,0
5092,1
5093,1
5094,0
5095,0
5096,1
5097,0
5098,0
5099,0
5100,0
5101,1
5102,0
5103,0
5104,1
5105,0
5106,0
5107,1
5108,1
5109,1
5110,1
5111,1
5112,0
5113,1
5114,0
5115,0
5116,1
5117,1
5118,1
5119,0
5120,1
5121,1
5122,1
5123,0
5124,0
5125,0
5126,1
5127,0
5128,0
5129,0
5130,0
5131,0
5132,1
5133,1
5134,0
5135,0
5136,0
5137,0
5138,0
5139,1
5140,0
5141,1
5142,1
5143,0
5144,0
5145,0
5146,0
5147,0
5148,1
5149,0
5150,1
5151,0
5152,0
5153,0
5154,1
5155,0
5156,1
5157,0
5158,0
5159,0
5160,1
5161,0
5162,0
5163,1
5164,0
5165,0
5166,0
5167,1
5168,1
5169,0
5170,0
5171,0
5172,0
5173,0
5174,1
5175,0
5176,0
5177,0
5178,0
5179,0
5180,1
5181,1
5182,0
5183,1
5184,1
5185,1
5186,0
5187,1
5188,1
5189,0
5190,0
5191,0
5192,0
5193,0
5194,0
5195,0
5196,1
5197,1
5198,0
5199,1
5200,0
5201,0
5202,1
5203,0
5204,0
5205,1
5206,0
5207,1
5208,1
5209,1
5210,0
5211,0
5212,1
5213,1
5214,0
5215,0
5216,0
5217,0
5218,0
5219,1
5220,1
5221,0
5222,1
5223,1
5224,0
5225,0
5226,1
5227,0
5228,0
5229,1
5230,0
5231,0
5232,1
5233,1
5234,1
5235,1
5236,1
5237,1
5238,0
5239,0
5240,1
5241,1
5242,0
5243,1
5244,1
5245,0
5246,0
5247,1
5248,1
5249,1
5250,0
5251,1
5252,1
5253,0
5254,1
5255,1
5256,0
5257,1
5258,0
5259,0
5260,1
5261,0
5262,0
5263,1
5264,1
5265,0
5266,0
5267,0
5268,0
5269,0
5270,0
5271,0
5272,0
5273,1
5274,0
5275,1
5276,0
5277,1
5278,1
5279,1
5280,0
5281,1
5282,1
5283,1
5284,1
5285,1
5286,1
5287,0
5288,1
5289,0
5290,0
5291,1
5292,0
5293,0
5294,1
5295,0
5296,1
5297,0
5298,0
5299,0
5300,0
5301,0
5302,0
5303,1
5304,1
5305,1
5306,0
5307,0
5308,1
5309,1
5310,0
5311,1
5312,0
5313,1
5314,1
5315,0
5316,0
5317,0
5318,0
5319,0
5320,0
5321,0
5322,0
5323,0
5324,0
5325,0
5326,0
5327,0
5328,0
5329,0
5330,0
5331,0
5332,0
5333,0
5334,0
5335,0
5336,1
5337,0
5338,0
5339,1
5340,0
5341,1
5342,0
5343,1
5344,0
5345,0
5346,1
5347,1
5348,0
5349,0
5350,1
5351,0
5352,0
5353,0
5354,0
5355,0
5356,0
5357,1
5358,1
5359,1
5360,0
5361,0
5362,0
5363,1
5364,0
5365,0
5366,0
5367,0
5368,0
5369,1
5370,0
5371,0
5372,1
5373,0
5374,1
5375,1
5376,1
5377,0
5378,1
5379,0
5380,0
5381,0
5382,0
5383,0
5384,0
5385,0
5386,0
5387,0
5388,1
5389,0
5390,0
5391,0
5392,0
5393,0
5394,1
5395,0
5396,0
5397,1
5398,0
5399,0
5400,1
5401,0
5402,0
5403,0
5404,0
5405,1
5406,1
5407,0
5408,0
5409,0
5410,0
5411,0
5412,0
5413,0
5414,0
5415,0
5416,1
5417,0
5418,0
5419,0
5420,0
5421,0
5422,1
5423,1
5424,1
5425,1
5426,0
5427,0
5428,0
5429,0
5430,0
5431,1
5432,1
5433,0
5434,0
5435,1
5436,1
5437,1
5438,1
5439,0
5440,0
5441,0
5442,0
5443,0
5444,1
5445,0
5446,0
5447,0
5448,0
5449,0
5450,1
5451,1
5452,1
5453,0
5454,0
5455,0
5456,0
5457,0
5458,1
5459,1
5460,0
5461,1
5462,0
5463,1
5464,1
5465,1
5466,1
5467,1
5468,0
5469,0
5470,1
5471,0
5472,0
5473,1
5474,0
5475,1
5476,0
5477,0
5478,0
5479,1
5480,0
5481,0
5482,1
5483,1
5484,0
5485,1
5486,1
5487,0
5488,0
5489,0
5490,1
5491,1
5492,1
5493,0
5494,0
5495,0
5496,0
5497,0
5498,0
5499,0
5500,0
5501,1
5502,0
5503,0
5504,1
5505,0
5506,0
5507,0
5508,0
5509,0
5510,0
5511,1
5512,1
5513,0
5514,1
5515,1
5516,0
5517,0
5518,1
5519,1
5520,0
5521,1
5522,0
5523,0
5524,0
5525,1
5526,0
5527,1
5528,0
5529,0
5530,0
5531,0
5532,0
5533,0
5534,0
5535,0
5536,0
5537,0
5538,0
5539,0
5540,0
5541,0
5542,1
5543,0
5544,0
5545,0
5546,0
5547,0
5548,1
5549,1
5550,1
5551,0
5552,0
5553,0
5554,0
5555,1
5556,1
5557,1
5558,1
5559,0
5560,0
5561,0
5562,0
5563,0
5564,1
5565,0
5566,0
5567,0
5568,0
5569,1
5570,1
5571,0
5572,1
5573,1
5574,0
5575,0
5576,0
5577,1
5578,1
5579,0
5580,0
5581,0
5582,1
5583,0
5584,0
5585,0
5586,0
5587,0
5588,0
5589,1
5590,0
5591,1
5592,0
5593,0
5594,0
5595,0
5596,0
5597,1
5598,0
5599,0
5600,0
5601,0
5602,1
5603,1
5604,0
5605,1
5606,0
5607,0
5608,0
5609,0
5610,1
5611,0
5612,0
5613,0
5614,1
5615,0
5616,1
5617,0
5618,0
5619,0
5620,0
5621,0
5622,1
5623,1
5624,0
5625,0
5626,1
5627,0
5628,1
5629,1
5630,0
5631,0
5632,0
5633,0
5634,0
5635,0
5636,0
5637,0
5638,1
5639,1
5640,0
5641,0
5642,0
5643,1
5644,0
5645,0
5646,0
5647,1
5648,0
5649,0
5650,1
5651,1
5652,0
5653,0
5654,0
5655,1
5656,1
5657,0
5658,0
5659,0
5660,1
5661,0
5662,1
5663,1
5664,0
5665,0
5666,0
5667,1
5668,1
5669,0
5670,0
5671,1
5672,1
5673,0
5674,0
5675,0
5676,1
5677,0
5678,0
5679,0
5680,0
5681,0
5682,0
5683,0
5684,0
5685,0
5686,0
5687,0
5688,0
5689,0
5690,0
5691,0
5692,1
5693,0
5694,0
5695,0
5696,1
5697,1
5698,0
5699,0
5700,0
5701,0
5702,1
5703,0
5704,0
5705,0
5706,0
5707,0
5708,0
5709,0
5710,1
5711,0
5712,0
5713,1
5714,1
5715,1
5716,1
5717,1
5718,0
5719,1
5720,0
5721,0
5722,0
5723,1
5724,0
5725,1
5726,0
5727,0
5728,1
5729,1
5730,1
5731,0
5732,1
5733,0
5734,1
5735,0
5736,0
5737,1
5738,0
5739,0
5740,0
5741,0
5742,0
5743,0
5744,1
5745,0
5746,1
5747,0
5748,0
5749,1
5750,1
5751,1
5752,1
5753,0
5754,0
5755,0
5756,0
5757,1
5758,1
5759,0
5760,0
5761,0
5762,0
5763,1
5764,0
5765,1
5766,1
5767,0
5768,1
5769,0
5770,0
5771,0
5772,0
5773,1
5774,1
5775,0
5776,0
5777,1
5778,0
5779,1
5780,1
5781,1
5782,1
5783,1
5784,1
5785,0
5786,0
5787,1
5788,1
5789,1
5790,0
5791,0
5792,0
5793,1
5794,0
5795,1
5796,0
5797,0
5798,0
5799,0
5800,0
5801,0
5802,1
5803,1
5804,0
5805,0
5806,1
5807,0
5808,1
5809,0
5810,0
5811,1
5812,1
5813,0
5814,0
5815,1
5816,0
5817,0
5818,0
5819,0
5820,0
5821,1
5822,0
5823,1
5824,1
5825,0
5826,0
5827,0
5828,0
5829,0
5830,1
5831,1
5832,1
5833,1
5834,0
5835,0
5836,1
5837,1
5838,0
5839,0
5840,0
5841,0
5842,0
5843,0
5844,0
5845,1
5846,1
5847,0
5848,1
5849,1
5850,1
5851,1
5852,0
5853,0
5854,0
5855,0
5856,1
5857,0
5858,0
5859,0
5860,1
5861,1
5862,1
5863,1
5864,0
5865,0
5866,0
5867,0
5868,1
5869,0
5870,0
5871,0
5872,0
5873,0
5874,0
5875,0
5876,1
5877,1
5878,1
5879,0
5880,1
5881,0
5882,1
5883,1
5884,1
5885,0
5886,0
5887,0
5888,1
5889,0
5890,1
5891,0
5892,1
5893,0
5894,0
5895,1
5896,0
5897,0
5898,1
5899,0
5900,0
5901,0
5902,0
5903,1
5904,0
5905,0
5906,1
5907,0
5908,0
5909,1
5910,1
5911,0
5912,1
5913,1
5914,1
5915,0
5916,0
5917,1
5918,0
5919,1
5920,1
5921,0
5922,0
5923,1
5924,0
5925,0
5926,0
5927,0
5928,0
5929,0
5930,0
5931,1
5932,0
5933,1
5934,0
5935,0
5936,0
5937,0
5938,0
5939,1
5940,0
5941,0
5942,1
5943,0
5944,0
5945,0
5946,1
5947,0
5948,0
5949,0
5950,0
5951,1
5952,1
5953,1
5954,0
5955,1
5956,0
5957,0
5958,0
5959,0
5960,0
5961,0
5962,0
5963,1
5964,1
5965,0
5966,0
5967,1
5968,0
5969,0
5970,0
5971,0
5972,0
5973,1
5974,0
5975,0
5976,0
5977,1
5978,0
5979,0
5980,0
5981,1
5982,1
5983,1
5984,1
5985,1
5986,1
5987,0
5988,0
5989,0
5990,0
5991,0
5992,1
5993,0
5994,0
5995,0
5996,1
5997,1
5998,0
5999,1
6000,0
6001,1
6002,1
6003,1
6004,0
6005,0
6006,0
6007,0
6008,0
6009,0
6010,0
6011,0
6012,1
6013,1
6014,1
6015,0
6016,1
6017,0
6018,0
6019,0
6020,0
6021,1
6022,0
6023,0
6024,1
6025,0
6026,0
6027,0
6028,1
6029,1
6030,0
6031,1
6032,0
6033,1
6034,0
6035,0
6036,0
6037,0
6038,0
6039,0
6040,0
6041,0
6042,0
6043,0
6044,0
6045,0
6046,0
6047,0
6048,1
6049,0
6050,0
6051,1
6052,1
6053,0
6054,0
6055,0
6056,0
6057,0
6058,0
6059,0
6060,0
6061,0
6062,0
6063,1
6064,0
6065,1
6066,1
6067,1
6068,0
6069,1
6070,1
6071,1
6072,0
6073,0
6074,0
6075,0
6076,1
6077,0
6078,0
6079,0
6080,1
6081,0
6082,0
6083,0
6084,0
6085,1
6086,1
6087,1
6088,0
6089,0
6090,0
6091,0
6092,1
6093,0
6094,1
6095,1
6096,1
6097,0
6098,1
6099,1
6100,1
6101,1
6102,0
6103,0
6104,1
6105,0
6106,0
6107,0
6108,0
6109,0
6110,1
6111,1
6112,0
6113,0
6114,0
6115,1
6116,1
6117,1
6118,0
6119,1
6120,0
6121,0
6122,1
6123,0
6124,1
6125,0
6126,0
6127,0
6128,1
6129,0
6130,1
6131,0
6132,0
6133,1
6134,0
6135,1
6136,1
6137,1
6138,0
6139,1
6140,0
6141,0
6142,1
6143,0
6144,1
6145,1
6146,1
6147,0
6148,0
6149,0
6150,1
6151,0
6152,0
6153,1
6154,0
6155,1
6156,0
6157,0
6158,0
6159,1
6160,0
6161,0
6162,1
6163,0
6164,0
6165,0
6166,0
6167,0
6168,0
6169,0
6170,1
6171,0
6172,1
6173,0
6174,1
6175,0
6176,1
6177,1
6178,0
6179,0
6180,1
6181,1
6182,0
6183,0
6184,1
6185,0
6186,0
6187,0
6188,0
6189,1
6190,1
6191,0
6192,0
6193,0
6194,0
6195,1
6196,0
6197,1
6198,0
6199,1
6200,0
6201,1
6202,1
6203,0
6204,1
6205,0
6206,0
6207,1
6208,0
6209,1
6210,1
6211,1
6212,0
6213,0
6214,0
6215,0
6216,1
6217,0
6218,1
6219,1
6220,0
6221,1
6222,1
6223,1
6224,1
6225,0
6226,1
6227,1
6228,0
6229,1
6230,1
6231,0
6232,1
6233,0
6234,0
6235,0
6236,0
6237,0
6238,0
6239,0
6240,0
6241,1
6242,0
6243,0
6244,0
6245,1
6246,1
6247,0
6248,0
6249,0
6250,1
6251,0
6252,1
6253,1
6254,0
6255,1
6256,0
6257,1
6258,0
6259,0
6260,0
6261,1
6262,0
6263,1
6264,0
6265,0
6266,0
6267,0
6268,0
6269,1
6270,0
6271,0
6272,0
6273,1
6274,0
6275,0
6276,1
6277,0
6278,1
6279,0
6280,0
6281,0
6282,0
6283,1
6284,0
6285,0
6286,0
6287,0
6288,1
6289,1
6290,1
6291,0
6292,1
6293,1
6294,1
6295,1
6296,1
6297,0
6298,0
6299,0
6300,0
6301,0
6302,0
6303,0
6304,1
6305,0
6306,1
6307,1
6308,0
6309,1
6310,0
6311,0
6312,0
6313,0
6314,1
6315,0
6316,1
6317,0
6318,1
6319,0
6320,0
6321,1
6322,0
6323,0
6324,0
6325,1
6326,1
6327,0
6328,0
6329,0
6330,0
6331,0
6332,1
6333,1
6334,0
6335,1
6336,0
6337,1
6338,0
6339,0
6340,0
6341,0
6342,1
6343,0
6344,0
6345,0
6346,1
6347,1
6348,1
6349,0
6350,0
6351,0
6352,1
6353,0
6354,0
6355,0
6356,0
6357,1
6358,1
6359,1
6360,0
6361,1
6362,1
6363,1
6364,0
6365,0
6366,0
6367,0
6368,1
6369,0
6370,0
6371,0
6372,1
6373,0
6374,0
6375,1
6376,0
6377,1
6378,1
6379,0
6380,0
6381,0
6382,1
6383,0
6384,0
6385,1
6386,1
6387,0
6388,0
6389,1
6390,0
6391,0
6392,0
6393,0
6394,0
6395,1
6396,0
6397,0
6398,1
6399,0
6400,0
6401,0
6402,0
6403,0
6404,0
6405,1
6406,0
6407,0
6408,0
6409,1
6410,0
6411,0
6412,0
6413,0
6414,0
6415,0
6416,1
6417,0
6418,0
6419,1
6420,1
6421,1
6422,1
6423,0
6424,0
6425,1
6426,0
6427,0
6428,1
6429,0
6430,0
6431,0
6432,1
6433,1
6434,0
6435,0
6436,1
6437,0
6438,0
6439,0
6440,1
6441,1
6442,1
6443,1
6444,1
6445,0
6446,0
6447,0
6448,0
6449,0
6450,0
6451,1
6452,0
6453,0
6454,0
6455,1
6456,1
6457,1
6458,1
6459,0
6460,0
6461,1
6462,1
6463,0
6464,1
6465,0
6466,1
6467,0
6468,0
6469,1
6470,0
6471,0
6472,1
6473,0
6474,0
6475,0
6476,0
6477,1
6478,0
6479,0
6480,0
6481,0
6482,1
6483,0
6484,0
6485,1
6486,1
6487,0
6488,1
6489,0
6490,1
6491,1
6492,1
6493,0
6494,1
6495,1
6496,1
6497,0
6498,1
6499,1
6500,0
6501,0
6502,1
6503,0
6504,0
6505,0
6506,0
6507,1
6508,1
6509,1
6510,1
6511,1
6512,1
6513,1
6514,0
6515,0
6516,0
6517,0
6518,0
6519,1
6520,0
6521,1
6522,1
6523,1
6524,0
6525,0
6526,1
6527,1
6528,1
6529,1
6530,0
6531,1
6532,1
6533,0
6534,0
6535,1
6536,0
6537,0
6538,1
6539,0
6540,1
6541,1
6542,0
6543,0
6544,1
6545,1
6546,0
6547,1
6548,1
6549,0
6550,0
6551,1
6552,1
6553,0
6554,1
6555,0
6556,0
6557,0
6558,0
6559,0
6560,0
6561,1
6562,0
6563,1
6564,1
6565,1
6566,0
6567,0
6568,0
6569,0
6570,0
6571,1
6572,0
6573,1
6574,0
6575,0
6576,1
6577,0
6578,0
6579,1
6580,0
6581,1
6582,0
6583,0
6584,0
6585,0
6586,1
6587,1
6588,1
6589,0
6590,1
6591,1
6592,0
6593,1
6594,0
6595,0
6596,1
6597,0
6598,1
6599,1
6600,1
6601,0
6602,0
6603,1
6604,0
6605,0
6606,1
6607,1
6608,0
6609,1
6610,1
6611,1
6612,0
6613,0
6614,1
6615,0
6616,0
6617,1
6618,1
6619,0
6620,1
6621,1
6622,0
6623,1
6624,0
6625,0
6626,1
6627,0
6628,0
6629,0
6630,1
6631,1
6632,0
6633,1
6634,0
6635,1
6636,0
6637,0
6638,1
6639,0
6640,0
6641,0
6642,0
6643,0
6644,1
6645,1
6646,0
6647,1
6648,0
6649,0
6650,0
6651,1
6652,1
6653,1
6654,1
6655,0
6656,0
6657,0
6658,0
6659,1
6660,0
6661,1
6662,1
6663,0
6664,0
6665,1
6666,0
6667,1
6668,0
6669,0
6670,1
6671,0
6672,0
6673,1
6674,0
6675,1
6676,0
6677,1
6678,0
6679,0
6680,1
6681,0
6682,1
6683,1
6684,1
6685,0
6686,0
6687,0
6688,1
6689,0
6690,0
6691,0
6692,1
6693,1
6694,0
6695,0
6696,0
6697,1
6698,1
6699,1
6700,0
6701,0
6702,0
6703,0
6704,0
6705,0
6706,0
6707,1
6708,0
6709,1
6710,0
6711,1
6712,1
6713,0
6714,0
6715,0
6716,0
6717,0
6718,0
6719,0
6720,0
6721,1
6722,1
6723,1
6724,1
6725,0
6726,0
6727,1
6728,0
6729,1
6730,0
6731,0
6732,0
6733,0
6734,0
6735,0
6736,0
6737,0
6738,0
6739,0
6740,0
6741,0
6742,1
6743,1
6744,0
6745,1
6746,0
6747,0
6748,0
6749,0
6750,0
6751,0
6752,0
6753,0
6754,0
6755,0
6756,1
6757,0
6758,0
6759,1
6760,0
6761,1
6762,1
6763,1
6764,0
6765,0
6766,0
6767,1
6768,1
6769,0
6770,1
6771,0
6772,1
6773,0
6774,1
6775,0
6776,1
6777,0
6778,0
6779,0
6780,0
6781,0
6782,1
6783,0
6784,1
6785,1
6786,0
6787,1
6788,0
6789,1
6790,0
6791,0
6792,0
6793,1
6794,0
6795,1
6796,0
6797,0
6798,0
6799,0
6800,0
6801,0
6802,0
6803,1
6804,1
6805,1
6806,0
6807,0
6808,1
6809,0
6810,0
6811,0
6812,1
6813,1
6814,0
6815,0
6816,1
6817,0
6818,0
6819,0
6820,1
6821,0
6822,0
6823,0
6824,0
6825,0
6826,1
6827,0
6828,1
6829,0
6830,1
6831,1
6832,1
6833,0
6834,1
6835,0
6836,0
6837,0
6838,0
6839,1
6840,0
6841,1
6842,1
6843,1
6844,0
6845,1
6846,1
6847,0
6848,0
6849,1
6850,0
6851,0
6852,0
6853,0
6854,1
6855,1
6856,0
6857,0
6858,0
6859,0
6860,0
6861,0
6862,0
6863,0
6864,0
6865,0
6866,1
6867,1
6868,0
6869,1
6870,0
6871,0
6872,1
6873,1
6874,0
6875,0
6876,0
6877,0
6878,0
6879,1
6880,0
6881,0
6882,0
6883,0
6884,0
6885,0
6886,0
6887,0
6888,0
6889,1
6890,0
6891,0
6892,1
6893,0
6894,1
6895,0
6896,0
6897,0
6898,0
6899,0
6900,0
6901,0
6902,0
6903,0
6904,0
6905,1
6906,0
6907,0
6908,0
6909,0
6910,0
6911,0
6912,1
6913,0
6914,0
6915,0
6916,0
6917,1
6918,0
6919,0
6920,1
6921,0
6922,0
6923,1
6924,1
6925,0
6926,1
6927,0
6928,0
6929,0
6930,0
6931,0
6932,0
6933,1
6934,0
6935,1
6936,1
6937,0
6938,0
6939,1
6940,0
6941,0
6942,1
6943,0
6944,0
6945,0
6946,0
6947,1
6948,0
6949,1
6950,0
6951,1
6952,0
6953,0
6954,0
6955,1
6956,0
6957,0
6958,0
6959,1
6960,0
6961,1
6962,0
6963,0
6964,1
6965,1
6966,1
6967,0
6968,1
6969,1
6970,1
6971,0
6972,0
6973,0
6974,1
6975,1
6976,1
6977,1
6978,1
6979,0
6980,1
6981,0
6982,1
6983,0
6984,0
6985,0
6986,0
6987,0
6988,1
6989,1
6990,0
6991,1
6992,0
6993,1
6994,0
6995,0
6996,0
6997,0
6998,0
6999,0
7000,0
7001,0
7002,0
7003,1
7004,0
7005,1
7006,1
7007,0
7008,0
7009,1
7010,1
7011,0
7012,0
7013,0
7014,0
7015,0
7016,0
7017,0
7018,1
7019,1
7020,0
7021,0
7022,0
7023,1
7024,1
7025,1
7026,1
7027,0
7028,1
7029,1
7030,0
7031,1
7032,0
7033,0
7034,1
7035,1
7036,0
7037,0
7038,0
7039,0
7040,1
7041,1
7042,0
7043,0
7044,0
7045,0
7046,1
7047,1
7048,1
7049,1
7050,0
7051,0
7052,0
7053,0
7054,0
7055,1
7056,1
7057,0
7058,0
7059,1
7060,0
7061,1
7062,0
7063,0
7064,0
7065,0
7066,1
7067,1
7068,0
7069,1
7070,0
7071,0
7072,0
7073,0
7074,0
7075,1
7076,1
7077,0
7078,1
7079,1
7080,0
7081,0
7082,1
7083,0
7084,0
7085,1
7086,0
7087,0
7088,1
7089,0
7090,0
7091,0
7092,1
7093,1
7094,0
7095,1
7096,0
7097,1
7098,1
7099,0
7100,0
7101,0
7102,0
7103,0
7104,0
7105,0
7106,0
7107,0
7108,0
7109,0
7110,0
7111,0
7112,1
7113,1
7114,1
7115,1
7116,0
7117,0
7118,0
7119,0
7120,1
7121,0
7122,1
7123,1
7124,1
7125,1
7126,0
7127,0
7128,1
7129,1
7130,0
7131,1
7132,1
7133,1
7134,0
7135,0
7136,1
7137,1
7138,0
7139,0
7140,1
7141,0
7142,0
7143,0
7144,1
7145,1
7146,0
7147,0
7148,0
7149,0
7150,0
7151,0
7152,0
7153,0
7154,1
7155,1
7156,1
7157,0
7158,0
7159,0
7160,0
7161,0
7162,0
7163,0
7164,0
7165,0
7166,1
7167,1
7168,1
7169,0
7170,1
7171,1
7172,1
7173,1
7174,0
7175,0
7176,0
7177,0
7178,1
7179,0
7180,1
7181,1
7182,0
7183,1
7184,1
7185,1
7186,0
7187,1
7188,0
7189,1
7190,0
7191,1
7192,1
7193,0
7194,0
7195,0
7196,0
7197,0
7198,0
7199,1
7200,0
7201,0
7202,1
7203,0
7204,1
7205,1
7206,1
7207,0
7208,1
7209,1
7210,0
7211,0
7212,0
7213,1
7214,1
7215,0
7216,0
7217,0
7218,0
7219,0
7220,0
7221,0
7222,1
7223,0
7224,0
7225,0
7226,1
7227,1
7228,0
7229,1
7230,0
7231,1
7232,0
7233,0
7234,1
7235,1
7236,0
7237,1
7238,1
7239,1
7240,0
7241,1
7242,0
7243,0
7244,0
7245,1
7246,0
7247,0
7248,1
7249,1
7250,0
7251,1
7252,0
7253,1
7254,0
7255,0
7256,0
7257,1
7258,0
7259,0
7260,1
7261,0
7262,1
7263,0
7264,0
7265,1
7266,1
7267,0
7268,1
7269,0
7270,0
7271,0
7272,0
7273,1
7274,1
7275,0
7276,0
7277,0
7278,1
7279,1
7280,0
7281,1
7282,1
7283,0
7284,0
7285,0
7286,0
7287,0
7288,1
7289,0
7290,0
7291,1
7292,1
7293,0
7294,0
7295,0
7296,1
7297,0
7298,1
7299,0
7300,0
7301,0
7302,0
7303,0
7304,0
7305,0
7306,1
7307,1
7308,0
7309,1
7310,1
7311,0
7312,0
7313,1
7314,0
7315,0
7316,1
7317,1
7318,1
7319,0
7320,0
7321,0
7322,1
7323,0
7324,0
7325,1
7326,0
7327,0
7328,1
7329,1
7330,0
7331,0
7332,0
7333,1
7334,1
7335,1
7336,0
7337,0
7338,0
7339,1
7340,1
7341,0
7342,0
7343,1
7344,0
7345,0
7346,1
7347,0
7348,0
7349,0
7350,0
7351,1
7352,0
7353,1
7354,0
7355,0
7356,1
7357,1
7358,0
7359,0
7360,0
7361,0
7362,0
7363,0
7364,1
7365,1
7366,0
7367,0
7368,0
7369,1
7370,0
7371,1
7372,0
7373,0
7374,1
7375,0
7376,1
7377,0
7378,1
7379,0
7380,0
7381,0
7382,0
7383,0
7384,1
7385,1
7386,1
7387,0
7388,1
7389,0
7390,0
7391,0
7392,0
7393,0
7394,0
7395,1
7396,1
7397,0
7398,1
7399,1
7400,0
7401,1
7402,0
7403,0
7404,0
7405,1
7406,1
7407,0
7408,0
7409,0
7410,0
7411,1
7412,0
7413,0
7414,1
7415,0
7416,0
7417,0
7418,0
7419,0
7420,0
7421,1
7422,0
7423,0
7424,0
7425,1
7426,0
7427,0
7428,0
7429,0
7430,0
7431,0
7432,0
7433,1
7434,0
7435,0
7436,0
7437,1
7438,0
7439,0
7440,1
7441,0
7442,1
7443,0
7444,1
7445,1
7446,0
7447,0
7448,0
7449,0
7450,0
7451,0
7452,0
7453,0
7454,1
7455,0
7456,1
7457,0
7458,1
7459,1
7460,1
7461,0
7462,0
7463,1
7464,0
7465,0
7466,0
7467,1
7468,1
7469,0
7470,0
7471,1
7472,1
7473,1
7474,1
7475,1
7476,0
7477,0
7478,0
7479,0
7480,0
7481,1
7482,0
7483,1
7484,1
7485,0
7486,0
7487,0
7488,1
7489,0
7490,0
7491,0
7492,0
7493,1
7494,0
7495,0
7496,0
7497,0
7498,1
7499,1
7500,1
